"Gebiet","Sachmerkmal","2000","2001","2002","2003","2004","2005","2006","2007","2008","2009","2010","2011","2012","2013","2014","2015","2016","2017","2018","2019","2020","2021"
Zentrum,Einwohner insgesamt,"1896","2005","1960","1845","1735","1757","1761","1779","1772","1736","1634","1677","1703","1739","1748","2283","1773","1810","1807","1787","1849","1884"
Zentrum-Ost,Einwohner insgesamt,"2546","2685","2849","2952","2789","3045","3144","3228","3281","3370","3457","3589","3750","3980","4123","4220","4294","4642","4931","5279","5520","5904"
Zentrum-Südost,Einwohner insgesamt,"9245","9274","9272","9375","9408","9588","9909","10155","10262","10323","10328","10613","11118","11515","11893","13440","13477","14061","14078","14281","14166","14326"
Zentrum-Süd,Einwohner insgesamt,"8331","8459","8691","8942","9151","9375","9847","10081","10452","10628","10898","11257","11647","11955","12324","12617","12897","13193","13380","13396","13438","13808"
Zentrum-West,Einwohner insgesamt,"6594","6902","6972","7365","7692","7946","8173","8497","8831","8977","9026","9352","9624","9986","10318","10605","10788","10948","11078","11129","11139","11263"
Zentrum-Nordwest,Einwohner insgesamt,"6209","6709","7062","7331","7447","7793","8320","8769","9072","9370","9423","9676","9884","10024","10320","10354","10456","10688","10638","10652","10677","10808"
Zentrum-Nord,Einwohner insgesamt,"6165","6410","6499","6543","6393","6567","6943","7053","7141","7310","7531","7870","8139","8184","8424","8663","8963","9187","9228","9159","9123","9346"
Schönefeld-Abtnaundorf,Einwohner insgesamt,"9370","9139","9138","9133","9109","9097","9145","9338","9485","9754","10106","10537","10837","11177","11483","12108","12570","12788","13030","13132","13292","13409"
Schönefeld-Ost,Einwohner insgesamt,"10095","9861","9693","9662","9556","9554","9593","9516","9303","9159","9059","9025","9056","9190","9150","9438","9722","9930","9916","9851","9912","9917"
Mockau-Süd,Einwohner insgesamt,"4202","4123","4080","4052","4041","3999","3914","3914","3857","3780","4011","4125","4179","4169","4356","4430","4574","4693","4757","4819","4887","4855"
Mockau-Nord,Einwohner insgesamt,"11764","11388","11124","10936","10808","10538","10455","10285","10175","10235","10305","10406","10583","10611","10734","11028","11104","11054","11108","11123","11243","11489"
Thekla,Einwohner insgesamt,"6052","5918","5923","5805","5765","5777","5503","5469","5496","5509","5526","5488","5476","5552","5619","5716","5828","5882","5854","5896","5965","5888"
Plaußig-Portitz,Einwohner insgesamt,"2590","2595","2661","2684","2703","2714","2699","2664","2673","2685","2669","2636","2609","2617","2596","2612","2654","2635","2660","2759","2928","3105"
Neustadt-Neuschönefeld,Einwohner insgesamt,"7992","8093","8262","8448","8525","8774","8886","8891","8959","9035","9069","9408","10006","10618","10982","11561","12328","12687","12933","13148","13261","13371"
Volkmarsdorf,Einwohner insgesamt,"7553","7315","7358","7574","7687","7615","7729","7669","7776","7754","7694","7952","8451","8979","9937","10991","11858","12676","13027","13174","13275","13417"
Anger-Crottendorf,Einwohner insgesamt,"8243","8463","8614","8774","8971","9156","9277","9196","9270","9374","9443","9608","9795","10052","10551","11024","11322","11781","11837","12057","12293","12312"
Sellerhausen-Stünz,Einwohner insgesamt,"7675","7495","7559","7612","7673","7765","7763","7737","7609","7626","7565","7563","7706","7865","8198","8700","8878","9075","9262","9368","9385","9483"
Paunsdorf,Einwohner insgesamt,"15769","15070","14824","14906","14525","14488","14326","14223","14057","13882","13635","13469","13604","13525","13744","14127","14491","14298","14368","14323","14485","14677"
Heiterblick,Einwohner insgesamt,"4026","4209","4273","3990","4085","4091","4122","4109","4006","3954","3941","3950","3910","3611","3665","3689","3713","3723","3745","3717","3662","3637"
Mölkau,Einwohner insgesamt,"6311","6244","6189","6117","6135","6100","6082","6040","6055","5996","5949","5888","5869","5852","5872","5971","6005","5989","6010","6025","5941","5940"
Engelsdorf,Einwohner insgesamt,"7870","7908","7888","7918","7885","7918","7984","8058","8126","8179","8354","8459","8516","8859","9032","9337","9429","9412","9290","9296","9258","9256"
Baalsdorf,Einwohner insgesamt,"1362","1417","1465","1468","1536","1535","1584","1589","1619","1651","1671","1695","1697","1718","1766","1792","1802","1814","1855","1847","1853","1818"
Althen-Kleinpösna,Einwohner insgesamt,"1983","2052","2063","2084","2062","2125","2146","2154","2130","2123","2109","2128","2058","2093","2140","2146","2172","2177","2112","2131","2106","2078"
Reudnitz-Thonberg,Einwohner insgesamt,"15655","15518","15614","15697","15718","15935","16222","16555","16931","16952","17206","18034","18717","19291","19922","20546","21037","21853","22245","22626","22717","22836"
Stötteritz,Einwohner insgesamt,"12210","12608","12933","13305","13446","13600","13788","14000","14136","14084","14278","14593","14995","15266","15664","16197","16569","16974","17457","17519","17744","17879"
Probstheida,Einwohner insgesamt,"4813","5050","5223","5476","5691","5734","5781","5783","5836","5810","5722","5767","5946","6033","6153","6315","6417","6518","6542","6669","6695","6740"
Meusdorf,Einwohner insgesamt,"3709","3689","3645","3593","3531","3502","3476","3513","3506","3464","3452","3412","3422","3400","3418","3446","3414","3417","3407","3359","3326","3316"
Liebertwolkwitz,Einwohner insgesamt,"5179","5127","5140","5143","5151","5151","5190","5173","5150","5138","5148","5134","5224","5263","5240","5284","5300","5364","5367","5387","5338","5367"
Holzhausen,Einwohner insgesamt,"6202","6196","6199","6156","6175","6168","6184","6115","6175","6164","6130","6220","6184","6217","6278","6340","6410","6440","6584","6630","6686","6675"
Südvorstadt,Einwohner insgesamt,"16909","17644","18157","18619","19032","19920","20670","21232","21778","22244","22470","23179","23570","24007","24355","24847","24979","25417","25881","26019","26255","26282"
Connewitz,Einwohner insgesamt,"13819","14176","14700","15056","15332","15554","15974","16144","16624","16864","17010","17404","17679","17971","18177","18487","18678","18769","18989","19328","19337","19254"
Marienbrunn,Einwohner insgesamt,"5825","5639","5524","5471","5352","5296","5317","5517","5670","5603","5596","5634","5686","5845","6027","6073","6097","6179","6191","6125","6077","6077"
Lößnig,Einwohner insgesamt,"11237","11076","10956","10840","10527","10567","10711","10680","10671","10773","10775","10839","10869","10911","11021","11059","11073","11052","11027","10888","10763","10783"
Dölitz-Dösen,Einwohner insgesamt,"4288","4298","4341","4255","4150","3850","3757","3861","3893","4001","4053","4250","4471","4535","4549","4734","4680","4697","4617","4602","4647","4600"
Schleußig,Einwohner insgesamt,"8774","9171","9534","9867","10130","10506","10963","11237","11597","12004","12165","12257","12463","12546","12596","12577","12686","12830","12893","12858","12828","12683"
Plagwitz,Einwohner insgesamt,"8534","8722","9161","9636","10052","10336","10902","11230","11714","11814","12116","12757","13236","14095","14637","15067","15410","15798","15960","16297","16549","16660"
Kleinzschocher,Einwohner insgesamt,"7745","7770","7847","7884","7945","8054","8159","8240","8377","8336","8572","8695","8887","9041","9168","9446","9789","10054","10102","10297","10281","10382"
Großzschocher,Einwohner insgesamt,"8829","8816","8728","8778","8730","8796","8809","8801","8896","8816","8853","8930","8941","8954","8987","9059","9119","9140","9230","9199","9182","9260"
Knautkleeberg-Knauthain,Einwohner insgesamt,"4800","4868","4928","4954","5073","5108","5143","5155","5143","5124","5136","5171","5185","5242","5355","5442","5509","5549","5641","5659","5611","5697"
Hartmannsdorf-Knautnaundorf,Einwohner insgesamt,"1193","1202","1192","1174","1183","1180","1203","1223","1239","1228","1244","1252","1308","1335","1333","1380","1317","1356","1326","1348","1291","1328"
Schönau,Einwohner insgesamt,"5177","4788","4531","4338","4472","4551","4661","4777","4752","4698","4586","4524","4180","4108","4280","4433","4540","4638","4731","4900","5178","5474"
Grünau-Ost,Einwohner insgesamt,"9357","8897","8583","8226","8157","8035","8034","7921","7686","7560","7440","7398","7339","7397","7472","7633","7658","7815","7770","7739","7604","7638"
Grünau-Mitte,Einwohner insgesamt,"14727","13769","13307","12854","12403","12297","12427","12183","12054","11888","11736","11682","11826","11801","12092","12306","13078","13305","13470","13490","13459","13460"
Grünau-Siedlung,Einwohner insgesamt,"4115","4124","4123","4132","4164","4039","3987","3926","3902","3863","3851","3886","3888","3800","3812","3843","3848","3855","3897","3851","3832","3798"
Lausen-Grünau,Einwohner insgesamt,"16372","15419","14464","13886","13300","13266","12837","12309","11950","11664","11512","11447","11702","11995","12156","12309","12784","12921","12957","13085","13296","13613"
Grünau-Nord,Einwohner insgesamt,"10854","10418","9954","9485","9157","8757","8296","8170","8100","7961","7801","7802","7936","7957","7970","8091","8619","8591","8677","8859","8899","9012"
Miltitz,Einwohner insgesamt,"2015","2011","2008","2022","2018","2050","2049","1990","1971","1945","1939","1916","1882","1882","1901","1878","1933","1945","1938","1938","1922","1882"
Lindenau,Einwohner insgesamt,"4748","4822","4960","5131","5210","5335","5333","5470","5544","5728","5990","6311","6581","6980","7274","7786","8103","8248","8295","8359","8564","8514"
Altlindenau,Einwohner insgesamt,"11081","11087","11350","11921","12154","12199","12378","12332","12371","12376","12632","13151","13860","14558","15556","16216","16836","17272","17729","18263","18599","18553"
Neulindenau,Einwohner insgesamt,"5201","5236","5223","5126","5093","5178","5217","5346","5456","5561","5565","5681","5896","6120","6438","6690","6784","7038","7032","7109","7072","7051"
Leutzsch,Einwohner insgesamt,"8383","8166","8174","8292","8382","8439","8337","8388","8519","8678","8752","8903","9274","9456","9742","10028","10198","10360","10427","10452","10450","10534"
Böhlitz-Ehrenberg,Einwohner insgesamt,"9079","9283","9318","9427","9533","9592","9733","9746","9834","9870","9847","9933","9985","10089","10129","10176","10178","10248","10170","10212","10191","10155"
Burghausen-Rückmarsdorf,Einwohner insgesamt,"4411","4518","4635","4674","4725","4707","4734","4727","4700","4695","4716","4713","4758","4790","4828","4802","4778","4761","4791","4788","4767","4746"
Möckern,Einwohner insgesamt,"12268","12297","12263","12124","12163","12067","12121","12242","12393","12354","12357","12484","12815","13172","13435","13877","14402","14972","15535","16114","16591","16887"
Wahren,Einwohner insgesamt,"5884","5822","5949","5872","5895","5792","5858","5936","5906","5976","5940","5981","6212","6536","6691","6745","6981","7070","7132","7122","7247","7275"
Lützschena-Stahmeln,Einwohner insgesamt,"3919","3990","4040","4051","4052","4095","4102","4067","4051","4017","3982","3947","3952","3945","3914","3944","3915","4026","4115","4168","4212","4209"
Lindenthal,Einwohner insgesamt,"5874","5858","5851","5743","5770","5692","5753","5791","5840","6008","6113","6167","6244","6293","6334","6430","6514","6578","6613","6635","6660","6674"
Gohlis-Süd,Einwohner insgesamt,"11890","12602","13166","13420","13773","14240","14653","14928","15408","15988","16185","16683","16938","17394","17838","17963","18268","18603","18647","18761","18770","18750"
Gohlis-Mitte,Einwohner insgesamt,"12276","12438","12675","13020","13164","13222","13463","13543","13798","13957","14240","14689","15198","15638","15819","15937","16390","16935","17115","17275","17393","17543"
Gohlis-Nord,Einwohner insgesamt,"8414","8245","8185","8182","8164","8071","8036","7936","7987","8013","8167","8236","8213","8379","8556","8703","8911","9115","9330","9607","9761","10128"
Eutritzsch,Einwohner insgesamt,"10558","10538","10402","10670","10771","10711","10876","10891","11099","11578","11637","11957","12296","12572","13079","13896","14383","14550","14723","14641","14701","14761"
Seehausen,Einwohner insgesamt,"2189","2175","2189","2172","2182","2172","2173","2177","2126","2168","2171","2187","2189","2238","2232","2516","2288","2345","2389","2447","2529","2622"
Wiederitzsch,Einwohner insgesamt,"7061","7220","7434","7612","7765","7999","8097","8084","8181","8174","8207","8254","8375","8422","8467","8490","8551","8578","8670","8689","8724","8780"
Mitte,Einwohner insgesamt,"40986","42444","43305","44353","44615","46071","48097","49562","50811","51714","52297","54034","55865","57383","59150","62182","62648","64529","65140","65683","65912","67339"
Nordost,Einwohner insgesamt,"44073","43024","42619","42272","41982","41679","41309","41186","40989","41122","41676","42217","42740","43316","43938","45332","46452","46982","47325","47580","48227","48663"
Ost,Einwohner insgesamt,"68784","68266","68495","68891","69084","69567","69899","69666","69607","69574","69430","70120","71612","73172","75887","79338","81998","83632","84439","85086","85519","85989"
Südost,Einwohner insgesamt,"47768","48188","48754","49370","49712","50090","50641","51139","51734","51612","51936","53160","54488","55470","56675","58128","59147","60566","61602","62190","62506","62813"
Süd,Einwohner insgesamt,"52078","52833","53678","54241","54393","55187","56429","57434","58636","59485","59904","61306","62275","63269","64129","65200","65507","66114","66705","66962","67079","66996"
Südwest,Einwohner insgesamt,"39875","40549","41390","42293","43113","43980","45179","45886","46966","47322","48086","49062","50020","51213","52076","52971","53830","54727","55152","55658","55742","56010"
West,Einwohner insgesamt,"62617","59426","56970","54943","53671","52995","52291","51276","50415","49579","48865","48655","48753","48940","49683","50493","52460","53070","53440","53862","54190","54877"
Alt-West,Einwohner insgesamt,"42903","43112","43660","44571","45097","45450","45732","46009","46424","46908","47502","48692","50354","51993","53967","55698","56877","57927","58444","59183","59643","59553"
Nordwest,Einwohner insgesamt,"27945","27967","28103","27790","27880","27646","27834","28036","28190","28355","28392","28579","29223","29946","30374","30996","31812","32646","33395","34039","34710","35045"
Nord,Einwohner insgesamt,"52388","53218","54051","55076","55819","56415","57298","57559","58599","59878","60607","62006","63209","64643","65991","67505","68791","70126","70874","71420","71878","72584"
Stadt Leipzig,Einwohner insgesamt,"479996","479457","481390","484121","485643","489335","494771","497791","502401","505559","508775","517838","528540","539348","551871","567846","579530","590337","596517","601668","605407","609869"
Zentrum,   Männer,"995","1059","1042","963","919","947","902","926","961","936","838","889","926","947","969","1302","989","1019","1000","987","1037","1059"
Zentrum-Ost,   Männer,"1310","1372","1462","1526","1422","1549","1568","1597","1621","1670","1715","1778","1885","2041","2149","2155","2193","2349","2527","2716","2836","3030"
Zentrum-Südost,   Männer,"4302","4308","4364","4359","4350","4408","4592","4724","4788","4823","4814","4974","5270","5503","5720","6769","6722","6950","6906","7023","6894","7032"
Zentrum-Süd,   Männer,"3823","3897","4004","4164","4281","4372","4630","4800","4957","5030","5200","5369","5549","5718","5883","6067","6251","6414","6471","6519","6488","6663"
Zentrum-West,   Männer,"3219","3387","3405","3559","3732","3870","3993","4144","4277","4404","4419","4543","4719","4875","5071","5267","5375","5454","5464","5540","5580","5634"
Zentrum-Nordwest,   Männer,"3088","3330","3460","3590","3594","3761","4014","4253","4346","4483","4477","4632","4736","4799","4950","4949","5031","5226","5196","5185","5202","5264"
Zentrum-Nord,   Männer,"3023","3181","3199","3260","3168","3242","3420","3473","3528","3596","3635","3851","4066","4096","4209","4300","4466","4603","4678","4651","4649","4780"
Schönefeld-Abtnaundorf,   Männer,"4473","4366","4358","4375","4357","4392","4422","4516","4604","4741","4874","5091","5264","5435","5657","5979","6246","6353","6538","6634","6715","6785"
Schönefeld-Ost,   Männer,"4688","4619","4531","4528","4445","4502","4524","4511","4365","4333","4281","4286","4324","4407","4374","4522","4747","4820","4822","4773","4854","4887"
Mockau-Süd,   Männer,"1978","1923","1898","1916","1904","1903","1860","1868","1829","1789","1907","2000","2065","2052","2168","2192","2300","2346","2391","2433","2518","2509"
Mockau-Nord,   Männer,"5481","5347","5239","5160","5138","4998","4980","4919","4876","4919","4969","5030","5101","5158","5246","5416","5487","5473","5519","5561","5643","5825"
Thekla,   Männer,"2892","2855","2818","2738","2694","2721","2486","2473","2494","2513","2549","2560","2570","2623","2674","2737","2832","2842","2844","2868","2897","2853"
Plaußig-Portitz,   Männer,"1270","1280","1327","1340","1348","1359","1349","1321","1323","1326","1316","1300","1279","1302","1287","1305","1321","1317","1332","1369","1432","1519"
Neustadt-Neuschönefeld,   Männer,"3920","3971","4046","4201","4246","4346","4394","4419","4455","4507","4488","4696","4980","5369","5611","5940","6391","6571","6624","6748","6804","6912"
Volkmarsdorf,   Männer,"3716","3646","3661","3794","3877","3832","3909","3901","3973","3943","3903","4056","4399","4652","5215","5834","6332","6749","6944","7005","7026","7110"
Anger-Crottendorf,   Männer,"3978","4075","4142","4183","4283","4382","4449","4455","4495","4578","4594","4651","4788","4915","5240","5538","5698","5913","5930","6028","6187","6201"
Sellerhausen-Stünz,   Männer,"3660","3576","3630","3641","3636","3697","3675","3658","3598","3592","3564","3568","3652","3734","3939","4239","4322","4403","4472","4556","4599","4649"
Paunsdorf,   Männer,"7493","7182","7077","7213","6974","6954","6947","6955","6872","6800","6654","6585","6667","6619","6794","7122","7270","7114","7163","7120","7209","7353"
Heiterblick,   Männer,"1973","2076","2135","1868","1894","1915","1928","1920","1877","1844","1829","1828","1830","1686","1712","1712","1726","1737","1750","1747","1729","1723"
Mölkau,   Männer,"3101","3040","3003","2974","3001","2972","2961","2941","2942","2914","2883","2844","2856","2844","2866","2901","2929","2923","2931","2960","2907","2875"
Engelsdorf,   Männer,"3852","3851","3843","3851","3816","3822","3875","3928","3959","3990","4082","4146","4157","4324","4434","4618","4672","4660","4527","4537","4518","4486"
Baalsdorf,   Männer,"684","704","737","741","770","767","797","797","814","829","842","850","855","868","894","896","907","905","924","921","916","893"
Althen-Kleinpösna,   Männer,"976","1006","1013","1035","1006","1013","1023","1025","1020","1009","1002","1019","994","1012","1033","1029","1050","1062","1035","1062","1052","1041"
Reudnitz-Thonberg,   Männer,"7140","7083","7190","7293","7296","7433","7590","7691","7924","7924","8053","8457","8834","9155","9499","9820","10138","10565","10803","10944","10927","11031"
Stötteritz,   Männer,"5902","6064","6199","6309","6388","6453","6521","6591","6697","6644","6727","6855","7079","7229","7438","7729","7930","8069","8314","8352","8466","8545"
Probstheida,   Männer,"2287","2370","2427","2556","2655","2651","2677","2664","2671","2670","2636","2666","2733","2777","2838","2919","2969","3042","3058","3147","3155","3190"
Meusdorf,   Männer,"1867","1875","1869","1859","1807","1817","1804","1853","1836","1809","1807","1795","1795","1791","1813","1847","1817","1822","1850","1787","1731","1712"
Liebertwolkwitz,   Männer,"2503","2482","2513","2522","2517","2534","2555","2536","2525","2536","2537","2538","2545","2564","2561","2572","2559","2582","2583","2631","2616","2617"
Holzhausen,   Männer,"3045","3046","3045","3044","3041","3043","3071","3032","3061","3058","3031","3060","3035","3070","3092","3107","3137","3146","3212","3232","3268","3255"
Südvorstadt,   Männer,"8142","8530","8757","9052","9163","9584","9966","10229","10490","10754","10848","11255","11517","11726","11905","12223","12285","12503","12746","12780","12896","12942"
Connewitz,   Männer,"6520","6672","6919","7110","7254","7337","7585","7715","8026","8122","8164","8359","8531","8733","8854","9139","9277","9285","9413","9585","9566","9530"
Marienbrunn,   Männer,"2715","2611","2551","2519","2471","2452","2491","2561","2622","2617","2627","2628","2669","2749","2865","2882","2893","2915","2917","2880","2838","2834"
Lößnig,   Männer,"5176","5099","5058","5017","4842","4872","4937","4917","4895","4938","4931","5001","4981","4989","5049","5103","5107","5123","5124","5023","4953","4965"
Dölitz-Dösen,   Männer,"2077","2081","2133","2079","2029","1863","1814","1847","1881","1932","1955","2074","2242","2326","2270","2416","2326","2322","2271","2275","2293","2277"
Schleußig,   Männer,"4263","4421","4563","4741","4847","5001","5235","5362","5533","5764","5856","5904","6036","6103","6121","6084","6168","6286","6312","6295","6255","6192"
Plagwitz,   Männer,"4179","4300","4532","4720","4897","5006","5239","5411","5656","5690","5860","6230","6483","6915","7213","7445","7621","7768","7875","8054","8200","8251"
Kleinzschocher,   Männer,"3645","3666","3738","3751","3779","3852","3903","3954","4073","4045","4146","4225","4366","4493","4558","4702","4890","5046","5054","5118","5109","5139"
Großzschocher,   Männer,"4196","4180","4141","4193","4131","4145","4156","4163","4198","4141","4174","4208","4211","4213","4224","4274","4322","4329","4377","4366","4378","4424"
Knautkleeberg-Knauthain,   Männer,"2376","2416","2431","2462","2528","2538","2536","2553","2548","2536","2540","2558","2573","2599","2642","2696","2741","2750","2800","2791","2773","2831"
Hartmannsdorf-Knautnaundorf,   Männer,"593","611","611","603","609","604","622","652","659","644","666","676","709","744","743","767","711","726","689","696","635","664"
Schönau,   Männer,"2579","2312","2193","2123","2199","2237","2298","2351","2328","2318","2256","2241","2092","2059","2167","2248","2310","2362","2425","2498","2619","2780"
Grünau-Ost,   Männer,"4256","4037","3852","3701","3659","3572","3563","3510","3402","3365","3294","3304","3281","3330","3368","3443","3442","3541","3549","3567","3517","3576"
Grünau-Mitte,   Männer,"6849","6395","6165","5955","5776","5726","5814","5739","5691","5637","5586","5592","5686","5706","5884","6040","6518","6619","6700","6714","6688","6700"
Grünau-Siedlung,   Männer,"1899","1904","1917","1934","1950","1909","1891","1856","1835","1812","1814","1828","1829","1775","1796","1813","1810","1819","1849","1821","1815","1787"
Lausen-Grünau,   Männer,"7930","7461","6983","6723","6450","6454","6265","5991","5834","5699","5670","5673","5824","5988","6108","6165","6458","6497","6471","6543","6668","6799"
Grünau-Nord,   Männer,"5144","4992","4802","4525","4350","4182","3967","3887","3855","3767","3649","3672","3747","3775","3818","3902","4259","4265","4290","4426","4443","4484"
Miltitz,   Männer,"986","988","981","988","995","1017","1016","997","986","970","970","977","961","959","987","968","999","1012","1001","995","989","970"
Lindenau,   Männer,"2382","2400","2501","2616","2609","2684","2713","2781","2818","2881","2977","3162","3300","3490","3619","3890","4109","4160","4210","4235","4298","4298"
Altlindenau,   Männer,"5501","5513","5628","5951","6122","6122","6196","6185","6281","6243","6415","6679","7062","7413","7960","8307","8645","8813","9002","9293","9432","9374"
Neulindenau,   Männer,"2467","2445","2412","2382","2347","2406","2430","2464","2517","2560","2590","2661","2755","2903","3075","3185","3207","3368","3387","3408","3397","3367"
Leutzsch,   Männer,"4072","3962","3976","4032","4083","4133","4081","4120","4195","4253","4235","4342","4535","4650","4777","4951","5034","5136","5172","5192","5199","5206"
Böhlitz-Ehrenberg,   Männer,"4393","4446","4447","4516","4555","4592","4667","4671","4750","4738","4735","4770","4829","4870","4876","4908","4918","4981","4956","4992","4963","4933"
Burghausen-Rückmarsdorf,   Männer,"2172","2229","2289","2311","2322","2323","2345","2329","2307","2303","2304","2298","2307","2323","2333","2332","2313","2322","2326","2319","2321","2317"
Möckern,   Männer,"5757","5784","5777","5719","5738","5741","5767","5830","5936","5921","5953","6075","6250","6475","6667","6930","7294","7597","7893","8257","8542","8745"
Wahren,   Männer,"2753","2721","2768","2733","2749","2739","2797","2813","2783","2817","2812","2855","2981","3147","3213","3287","3451","3513","3544","3542","3600","3633"
Lützschena-Stahmeln,   Männer,"1920","1944","2004","2008","2018","2036","2039","2025","2024","2021","2012","1992","2007","1986","1964","1981","1970","2030","2074","2101","2118","2117"
Lindenthal,   Männer,"2854","2855","2868","2792","2799","2770","2813","2846","2861","2940","2979","2988","3013","3062","3098","3158","3229","3273","3287","3272","3279","3281"
Gohlis-Süd,   Männer,"5749","6089","6375","6505","6674","6903","7094","7185","7435","7756","7858","8089","8197","8465","8731","8834","9011","9165","9145","9238","9189","9128"
Gohlis-Mitte,   Männer,"5823","5900","6021","6199","6263","6236","6344","6403","6585","6695","6829","7020","7324","7528","7613","7710","7968","8221","8325","8396","8478","8576"
Gohlis-Nord,   Männer,"3893","3779","3724","3733","3740","3711","3705","3656","3655","3664","3735","3802","3811","3897","3967","4064","4173","4260","4371","4526","4604","4798"
Eutritzsch,   Männer,"5039","5053","5025","5122","5099","5039","5129","5172","5278","5525","5563","5709","5889","6040","6387","6839","7132","7229","7331","7267","7291","7376"
Seehausen,   Männer,"1060","1067","1078","1075","1084","1088","1098","1117","1088","1107","1111","1112","1119","1133","1135","1347","1181","1201","1215","1237","1282","1326"
Wiederitzsch,   Männer,"3457","3551","3675","3759","3842","3962","4023","4032","4090","4089","4108","4132","4201","4206","4220","4234","4287","4305","4321","4322","4338","4364"
Mitte,   Männer,"19760","20534","20936","21421","21466","22149","23119","23917","24478","24942","25098","26036","27151","27979","28951","30809","31027","32015","32242","32621","32686","33462"
Nordost,   Männer,"20782","20390","20171","20057","19886","19875","19621","19608","19491","19621","19896","20267","20603","20977","21406","22151","22933","23151","23446","23638","24059","24378"
Ost,   Männer,"33353","33127","33287","33501","33503","33700","33958","33999","34005","34006","33841","34243","35178","36023","37738","39829","41297","42037","42300","42684","42947","43243"
Südost,   Männer,"22744","22920","23243","23583","23704","23931","24218","24367","24714","24641","24791","25371","26021","26586","27241","27994","28550","29226","29820","30093","30163","30350"
Süd,   Männer,"24630","24993","25418","25777","25759","26108","26793","27269","27914","28363","28525","29317","29940","30523","30943","31763","31888","32148","32471","32543","32546","32548"
Südwest,   Männer,"19252","19594","20016","20470","20791","21146","21691","22095","22667","22820","23242","23801","24378","25067","25501","25968","26453","26905","27107","27320","27350","27501"
West,   Männer,"29643","28089","26893","25949","25379","25097","24814","24331","23931","23568","23239","23287","23420","23592","24128","24579","25796","26115","26285","26564","26739","27096"
Alt-West,   Männer,"20987","20995","21253","21808","22038","22260","22432","22550","22868","22978","23256","23912","24788","25649","26640","27573","28226","28780","29053","29439","29610","29495"
Nordwest,   Männer,"13284","13304","13417","13252","13304","13286","13416","13514","13604","13699","13756","13910","14251","14670","14942","15356","15944","16413","16798","17172","17539","17776"
Nord,   Männer,"25021","25439","25898","26393","26702","26939","27393","27565","28131","28836","29204","29864","30541","31269","32053","33028","33752","34381","34708","34986","35182","35568"
Stadt Leipzig,   Männer,"229893","229775","230863","232492","232778","234727","237490","239241","241824","243484","244883","250013","256272","262336","269544","279052","285870","291180","294231","297064","298822","301417"
Zentrum,   Frauen,"901","946","918","882","816","810","859","853","811","800","796","788","777","792","779","981","784","791","807","800","812","825"
Zentrum-Ost,   Frauen,"1236","1313","1387","1426","1367","1496","1576","1631","1660","1700","1742","1811","1865","1939","1974","2065","2101","2293","2404","2563","2684","2874"
Zentrum-Südost,   Frauen,"4943","4966","4908","5016","5058","5180","5317","5431","5474","5500","5514","5639","5848","6012","6173","6671","6755","7111","7172","7258","7272","7294"
Zentrum-Süd,   Frauen,"4508","4562","4687","4778","4870","5003","5217","5281","5495","5598","5698","5888","6098","6237","6441","6550","6646","6779","6909","6877","6950","7145"
Zentrum-West,   Frauen,"3375","3515","3567","3806","3960","4076","4180","4353","4554","4573","4607","4809","4905","5111","5247","5338","5413","5494","5614","5589","5559","5629"
Zentrum-Nordwest,   Frauen,"3121","3379","3602","3741","3853","4032","4306","4516","4726","4887","4946","5044","5148","5225","5370","5405","5425","5462","5442","5467","5475","5544"
Zentrum-Nord,   Frauen,"3142","3229","3300","3283","3225","3325","3523","3580","3613","3714","3896","4019","4073","4088","4215","4363","4497","4584","4550","4508","4474","4566"
Schönefeld-Abtnaundorf,   Frauen,"4897","4773","4780","4758","4752","4705","4723","4822","4881","5013","5232","5446","5573","5742","5826","6129","6324","6435","6492","6498","6577","6624"
Schönefeld-Ost,   Frauen,"5407","5242","5162","5134","5111","5052","5069","5005","4938","4826","4778","4739","4732","4783","4776","4916","4975","5110","5094","5078","5058","5030"
Mockau-Süd,   Frauen,"2224","2200","2182","2136","2137","2096","2054","2046","2028","1991","2104","2125","2114","2117","2188","2238","2274","2347","2366","2386","2369","2346"
Mockau-Nord,   Frauen,"6283","6041","5885","5776","5670","5540","5475","5366","5299","5316","5336","5376","5482","5453","5488","5612","5617","5581","5589","5562","5600","5664"
Thekla,   Frauen,"3160","3063","3105","3067","3071","3056","3017","2996","3002","2996","2977","2928","2906","2929","2945","2979","2996","3040","3010","3028","3068","3035"
Plaußig-Portitz,   Frauen,"1320","1315","1334","1344","1355","1355","1350","1343","1350","1359","1353","1336","1330","1315","1309","1307","1333","1318","1328","1390","1496","1586"
Neustadt-Neuschönefeld,   Frauen,"4072","4122","4216","4247","4279","4428","4492","4472","4504","4528","4581","4712","5026","5249","5371","5621","5937","6116","6309","6400","6457","6459"
Volkmarsdorf,   Frauen,"3837","3669","3697","3780","3810","3783","3820","3768","3803","3811","3791","3896","4052","4327","4722","5157","5526","5927","6083","6169","6249","6307"
Anger-Crottendorf,   Frauen,"4265","4388","4472","4591","4688","4774","4828","4741","4775","4796","4849","4957","5007","5137","5311","5486","5624","5868","5907","6029","6106","6111"
Sellerhausen-Stünz,   Frauen,"4015","3919","3929","3971","4037","4068","4088","4079","4011","4034","4001","3995","4054","4131","4259","4461","4556","4672","4790","4812","4786","4834"
Paunsdorf,   Frauen,"8276","7888","7747","7693","7551","7534","7379","7268","7185","7082","6981","6884","6937","6906","6950","7005","7221","7184","7205","7203","7276","7324"
Heiterblick,   Frauen,"2053","2133","2138","2122","2191","2176","2194","2189","2129","2110","2112","2122","2080","1925","1953","1977","1987","1986","1995","1970","1933","1914"
Mölkau,   Frauen,"3210","3204","3186","3143","3134","3128","3121","3099","3113","3082","3066","3044","3013","3008","3006","3070","3076","3066","3079","3065","3034","3065"
Engelsdorf,   Frauen,"4018","4057","4045","4067","4069","4096","4109","4130","4167","4189","4272","4313","4359","4535","4598","4719","4757","4752","4763","4759","4740","4770"
Baalsdorf,   Frauen,"678","713","728","727","766","768","787","792","805","822","829","845","842","850","872","896","895","909","931","926","937","925"
Althen-Kleinpösna,   Frauen,"1007","1046","1050","1049","1056","1112","1123","1129","1110","1114","1107","1109","1064","1081","1107","1117","1122","1115","1077","1069","1054","1037"
Reudnitz-Thonberg,   Frauen,"8515","8435","8424","8404","8422","8502","8632","8864","9007","9028","9153","9577","9883","10136","10423","10726","10899","11288","11442","11682","11790","11805"
Stötteritz,   Frauen,"6308","6544","6734","6996","7058","7147","7267","7409","7439","7440","7551","7738","7916","8037","8226","8468","8639","8905","9143","9167","9278","9334"
Probstheida,   Frauen,"2526","2680","2796","2920","3036","3083","3104","3119","3165","3140","3086","3101","3213","3256","3315","3396","3448","3476","3484","3522","3540","3550"
Meusdorf,   Frauen,"1842","1814","1776","1734","1724","1685","1672","1660","1670","1655","1645","1617","1627","1609","1605","1599","1597","1595","1557","1572","1595","1604"
Liebertwolkwitz,   Frauen,"2676","2645","2627","2621","2634","2617","2635","2637","2625","2602","2611","2596","2679","2699","2679","2712","2741","2782","2784","2756","2722","2750"
Holzhausen,   Frauen,"3157","3150","3154","3112","3134","3125","3113","3083","3114","3106","3099","3160","3149","3147","3186","3233","3273","3294","3372","3398","3418","3420"
Südvorstadt,   Frauen,"8767","9114","9400","9567","9869","10336","10704","11003","11288","11490","11622","11924","12053","12281","12450","12624","12694","12914","13135","13239","13359","13340"
Connewitz,   Frauen,"7299","7504","7781","7946","8078","8217","8389","8429","8598","8742","8846","9045","9148","9238","9323","9348","9401","9484","9576","9743","9771","9724"
Marienbrunn,   Frauen,"3110","3028","2973","2952","2881","2844","2826","2956","3048","2986","2969","3006","3017","3096","3162","3191","3204","3264","3274","3245","3239","3243"
Lößnig,   Frauen,"6061","5977","5898","5823","5685","5695","5774","5763","5776","5835","5844","5838","5888","5922","5972","5956","5966","5929","5903","5865","5810","5818"
Dölitz-Dösen,   Frauen,"2211","2217","2208","2176","2121","1987","1943","2014","2012","2069","2098","2176","2229","2209","2279","2318","2354","2375","2346","2327","2354","2323"
Schleußig,   Frauen,"4511","4750","4971","5126","5283","5505","5728","5875","6064","6240","6309","6353","6427","6443","6475","6493","6518","6544","6581","6563","6573","6491"
Plagwitz,   Frauen,"4355","4422","4629","4916","5155","5330","5663","5819","6058","6124","6256","6527","6753","7180","7424","7622","7789","8030","8085","8243","8349","8409"
Kleinzschocher,   Frauen,"4100","4104","4109","4133","4166","4202","4256","4286","4304","4291","4426","4470","4521","4548","4610","4744","4899","5008","5048","5179","5172","5243"
Großzschocher,   Frauen,"4633","4636","4587","4585","4599","4651","4653","4638","4698","4675","4679","4722","4730","4741","4763","4785","4797","4811","4853","4833","4804","4836"
Knautkleeberg-Knauthain,   Frauen,"2424","2452","2497","2492","2545","2570","2607","2602","2595","2588","2596","2613","2612","2643","2713","2746","2768","2799","2841","2868","2838","2866"
Hartmannsdorf-Knautnaundorf,   Frauen,"600","591","581","571","574","576","581","571","580","584","578","576","599","591","590","613","606","630","637","652","656","664"
Schönau,   Frauen,"2598","2476","2338","2215","2273","2314","2363","2426","2424","2380","2330","2283","2088","2049","2113","2185","2230","2276","2306","2402","2559","2694"
Grünau-Ost,   Frauen,"5101","4860","4731","4525","4498","4463","4471","4411","4284","4195","4146","4094","4058","4067","4104","4190","4216","4274","4221","4172","4087","4062"
Grünau-Mitte,   Frauen,"7878","7374","7142","6899","6627","6571","6613","6444","6363","6251","6150","6090","6140","6095","6208","6266","6560","6686","6770","6776","6771","6760"
Grünau-Siedlung,   Frauen,"2216","2220","2206","2198","2214","2130","2096","2070","2067","2051","2037","2058","2059","2025","2016","2030","2038","2036","2048","2030","2017","2011"
Lausen-Grünau,   Frauen,"8442","7958","7481","7163","6850","6812","6572","6318","6116","5965","5842","5774","5878","6007","6048","6144","6326","6424","6486","6542","6628","6814"
Grünau-Nord,   Frauen,"5710","5426","5152","4960","4807","4575","4329","4283","4245","4194","4152","4130","4189","4182","4152","4189","4360","4326","4387","4433","4456","4528"
Miltitz,   Frauen,"1029","1023","1027","1034","1023","1033","1033","993","985","975","969","939","921","923","914","910","934","933","937","943","933","912"
Lindenau,   Frauen,"2366","2422","2459","2515","2601","2651","2620","2689","2726","2847","3013","3149","3281","3490","3655","3896","3994","4088","4085","4124","4266","4216"
Altlindenau,   Frauen,"5580","5574","5722","5970","6032","6077","6182","6147","6090","6133","6217","6472","6798","7145","7596","7909","8191","8459","8727","8970","9167","9179"
Neulindenau,   Frauen,"2734","2791","2811","2744","2746","2772","2787","2882","2939","3001","2975","3020","3141","3217","3363","3505","3577","3670","3645","3701","3675","3684"
Leutzsch,   Frauen,"4311","4204","4198","4260","4299","4306","4256","4268","4324","4425","4517","4561","4739","4806","4965","5077","5164","5224","5255","5260","5251","5328"
Böhlitz-Ehrenberg,   Frauen,"4686","4837","4871","4911","4978","5000","5066","5075","5084","5132","5112","5163","5156","5219","5253","5268","5260","5267","5214","5220","5228","5222"
Burghausen-Rückmarsdorf,   Frauen,"2239","2289","2346","2363","2403","2384","2389","2398","2393","2392","2412","2415","2451","2467","2495","2470","2465","2439","2465","2469","2446","2429"
Möckern,   Frauen,"6511","6513","6486","6405","6425","6326","6354","6412","6457","6433","6404","6409","6565","6697","6768","6947","7108","7375","7642","7857","8049","8142"
Wahren,   Frauen,"3131","3101","3181","3139","3146","3053","3061","3123","3123","3159","3128","3126","3231","3389","3478","3458","3530","3557","3588","3580","3647","3642"
Lützschena-Stahmeln,   Frauen,"1999","2046","2036","2043","2034","2059","2063","2042","2027","1996","1970","1955","1945","1959","1950","1963","1945","1996","2041","2067","2094","2092"
Lindenthal,   Frauen,"3020","3003","2983","2951","2971","2922","2940","2945","2979","3068","3134","3179","3231","3231","3236","3272","3285","3305","3326","3363","3381","3393"
Gohlis-Süd,   Frauen,"6141","6513","6791","6915","7099","7337","7559","7743","7973","8232","8327","8594","8741","8929","9107","9129","9257","9438","9502","9523","9581","9622"
Gohlis-Mitte,   Frauen,"6453","6538","6654","6821","6901","6986","7119","7140","7213","7262","7411","7669","7874","8110","8206","8227","8422","8714","8790","8879","8915","8967"
Gohlis-Nord,   Frauen,"4521","4466","4461","4449","4424","4360","4331","4280","4332","4349","4432","4434","4402","4482","4589","4639","4738","4855","4959","5081","5157","5330"
Eutritzsch,   Frauen,"5519","5485","5377","5548","5672","5672","5747","5719","5821","6053","6074","6248","6407","6532","6692","7057","7251","7321","7392","7374","7410","7385"
Seehausen,   Frauen,"1129","1108","1111","1097","1098","1084","1075","1060","1038","1061","1060","1075","1070","1105","1097","1169","1107","1144","1174","1210","1247","1296"
Wiederitzsch,   Frauen,"3604","3669","3759","3853","3923","4037","4074","4052","4091","4085","4099","4122","4174","4216","4247","4256","4264","4273","4349","4367","4386","4416"
Mitte,   Frauen,"21226","21910","22369","22932","23149","23922","24978","25645","26333","26772","27199","27998","28714","29404","30199","31373","31621","32514","32898","33062","33226","33877"
Nordost,   Frauen,"23291","22634","22448","22215","22096","21804","21688","21578","21498","21501","21780","21950","22137","22339","22532","23181","23519","23831","23879","23942","24168","24285"
Ost,   Frauen,"35431","35139","35208","35390","35581","35867","35941","35667","35602","35568","35589","35877","36434","37149","38149","39509","40701","41595","42139","42402","42572","42746"
Südost,   Frauen,"25024","25268","25511","25787","26008","26159","26423","26772","27020","26971","27145","27789","28467","28884","29434","30134","30597","31340","31782","32097","32343","32463"
Süd,   Frauen,"27448","27840","28260","28464","28634","29079","29636","30165","30722","31122","31379","31989","32335","32746","33186","33437","33619","33966","34234","34419","34533","34448"
Südwest,   Frauen,"20623","20955","21374","21823","22322","22834","23488","23791","24299","24502","24844","25261","25642","26146","26575","27003","27377","27822","28045","28338","28392","28509"
West,   Frauen,"32974","31337","30077","28994","28292","27898","27477","26945","26484","26011","25626","25368","25333","25348","25555","25914","26664","26955","27155","27298","27451","27781"
Alt-West,   Frauen,"21916","22117","22407","22763","23059","23190","23300","23459","23556","23930","24246","24780","25566","26344","27327","28125","28651","29147","29391","29744","30033","30058"
Nordwest,   Frauen,"14661","14663","14686","14538","14576","14360","14418","14522","14586","14656","14636","14669","14972","15276","15432","15640","15868","16233","16597","16867","17171","17269"
Nord,   Frauen,"27367","27779","28153","28683","29117","29476","29905","29994","30468","31042","31403","32142","32668","33374","33938","34477","35039","35745","36166","36434","36696","37016"
Stadt Leipzig,   Frauen,"250103","249682","250527","251629","252865","254608","257281","258550","260577","262075","263892","267825","272268","277012","282327","288794","293660","299157","302286","304604","306585","308452"
Zentrum,   Deutsche,"1423","1484","1395","1344","1310","1330","1411","1419","1385","1362","1391","1424","1409","1380","1351","1372","1355","1391","1379","1366","1392","1396"
Zentrum-Ost,   Deutsche,"2170","2293","2444","2564","2437","2667","2803","2887","2950","3043","3164","3286","3420","3587","3691","3770","3843","4169","4361","4586","4754","5034"
Zentrum-Südost,   Deutsche,"7744","7629","7422","7585","7746","7759","7910","7992","7924","8115","8177","8344","8563","8652","8749","8966","9398","10024","10346","10581","10708","10687"
Zentrum-Süd,   Deutsche,"7876","7974","8182","8393","8562","8710","9091","9280","9590","9798","10127","10436","10740","11003","11288","11497","11689","11941","12085","12053","12143","12432"
Zentrum-West,   Deutsche,"6029","6194","6161","6485","6775","6945","7126","7381","7617","7826","8072","8364","8517","8829","9086","9213","9338","9447","9524","9600","9618","9636"
Zentrum-Nordwest,   Deutsche,"5733","6208","6508","6765","6883","7155","7662","8043","8318","8615","8771","8969","9185","9341","9615","9631","9741","9878","9862","9808","9822","9896"
Zentrum-Nord,   Deutsche,"5325","5472","5492","5558","5545","5682","5973","6072","6169","6345","6703","6946","7140","7168","7406","7569","7627","7711","7780","7709","7674","7731"
Schönefeld-Abtnaundorf,   Deutsche,"9023","8765","8777","8717","8696","8667","8685","8864","9030","9315","9651","10002","10203","10463","10618","10919","11075","11001","11040","10970","10911","10918"
Schönefeld-Ost,   Deutsche,"9712","9478","9336","9316","9271","9252","9296","9219","9081","8946","8842","8767","8757","8737","8691","8808","8793","8874","8849","8730","8659","8476"
Mockau-Süd,   Deutsche,"4048","3960","3903","3851","3840","3792","3715","3708","3654","3570","3821","3923","3951","3971","4102","4122","4131","4218","4227","4247","4204","4143"
Mockau-Nord,   Deutsche,"11607","11231","10954","10762","10603","10356","10253","10094","9985","10035","10095","10193","10331","10350","10398","10482","10400","10255","10256","10161","10121","10068"
Thekla,   Deutsche,"5727","5564","5572","5515","5516","5496","5443","5413","5444","5461","5476","5431","5410","5470","5510","5541","5528","5518","5492","5483","5498","5414"
Plaußig-Portitz,   Deutsche,"2566","2578","2645","2667","2685","2692","2678","2644","2653","2662","2652","2610","2582","2573","2546","2565","2607","2601","2623","2714","2880","3036"
Neustadt-Neuschönefeld,   Deutsche,"7196","7112","7022","7039","7011","7172","7191","7152","7110","7195","7254","7490","8003","8329","8461","8769","9195","9422","9585","9694","9802","9932"
Volkmarsdorf,   Deutsche,"6841","6521","6452","6482","6532","6405","6411","6290","6380","6345","6316","6444","6623","6938","7407","7790","8008","8537","8843","8917","9014","9057"
Anger-Crottendorf,   Deutsche,"7884","8039","8106","8185","8302","8479","8594","8519","8626","8749","8883","9002","9101","9305","9672","9965","10208","10516","10509","10587","10696","10708"
Sellerhausen-Stünz,   Deutsche,"7458","7285","7342","7371","7412","7490","7469","7439","7305","7324","7301","7281","7373","7449","7710","7942","7968","8083","8167","8223","8228","8293"
Paunsdorf,   Deutsche,"15213","14517","14219","13976","13783","13726","13557","13480","13316","13130","12972","12782","12814","12669","12721","12727","12644","12454","12427","12388","12314","12182"
Heiterblick,   Deutsche,"3621","3789","3833","3929","4016","4024","4068","4050","3947","3906","3899","3913","3874","3576","3625","3643","3651","3643","3646","3605","3563","3516"
Mölkau,   Deutsche,"6062","6054","6041","6062","6071","6029","6003","5961","5970","5912","5872","5818","5792","5766","5790","5855","5900","5885","5848","5813","5743","5750"
Engelsdorf,   Deutsche,"7749","7799","7765","7793","7802","7820","7877","7932","8001","8063","8233","8295","8350","8691","8796","8915","8996","9014","9045","9061","9012","8974"
Baalsdorf,   Deutsche,"1352","1407","1453","1459","1525","1528","1576","1583","1613","1644","1664","1686","1686","1708","1757","1783","1792","1802","1835","1827","1831","1797"
Althen-Kleinpösna,   Deutsche,"1959","2028","2039","2063","2055","2118","2138","2146","2122","2112","2098","2117","2046","2074","2115","2124","2152","2155","2089","2102","2079","2050"
Reudnitz-Thonberg,   Deutsche,"14717","14429","14414","14405","14423","14585","14862","15204","15537","15662","16080","16815","17343","17702","18185","18588","18906","19681","19942","20107","20159","20097"
Stötteritz,   Deutsche,"11615","11987","12233","12590","12738","12877","13136","13349","13506","13536","13808","14097","14482","14729","15052","15477","15780","16100","16520","16509","16704","16764"
Probstheida,   Deutsche,"4671","4879","5055","5298","5544","5585","5671","5657","5699","5670","5572","5598","5754","5851","5966","6060","6156","6249","6289","6376","6383","6382"
Meusdorf,   Deutsche,"3613","3597","3562","3511","3486","3458","3430","3463","3465","3430","3420","3381","3386","3362","3357","3355","3295","3274","3241","3180","3156","3140"
Liebertwolkwitz,   Deutsche,"5154","5098","5118","5107","5120","5110","5147","5133","5114","5107","5129","5117","5206","5234","5183","5217","5240","5264","5261","5265","5212","5212"
Holzhausen,   Deutsche,"6139","6142","6143","6103","6124","6117","6139","6061","6117","6110","6077","6157","6121","6149","6212","6257","6301","6324","6391","6462","6485","6462"
Südvorstadt,   Deutsche,"16248","16928","17326","17676","18086","18933","19636","20127","20672","21259","21551","22193","22522","22859","23101","23279","23515","23836","24186","24279","24405","24420"
Connewitz,   Deutsche,"13306","13641","14110","14412","14681","14898","15309","15461","15950","16243","16505","16872","17119","17389","17533","17707","17823","17888","17873","18146","18142","18002"
Marienbrunn,   Deutsche,"5541","5359","5239","5166","5113","5069","5078","5265","5394","5388","5456","5463","5508","5638","5777","5801","5818","5853","5820","5780","5711","5674"
Lößnig,   Deutsche,"10675","10433","10212","9982","9829","9798","9861","9830","9802","9972","9979","9972","9956","9970","9989","10017","10055","9979","9946","9819","9751","9695"
Dölitz-Dösen,   Deutsche,"3897","3897","3884","3803","3830","3718","3643","3709","3784","3895","3968","4101","4179","4181","4312","4376","4475","4485","4418","4460","4493","4438"
Schleußig,   Deutsche,"8457","8827","9138","9418","9689","10025","10447","10711","11047","11516","11689","11790","11868","11866","11883","11879","11954","12025","12086","12031","11975","11833"
Plagwitz,   Deutsche,"7972","8111","8518","8955","9420","9687","10257","10531","11020","11140","11499","12019","12434","13187","13559","13815","14096","14379","14467","14761","14978","15047"
Kleinzschocher,   Deutsche,"7500","7540","7603","7644","7688","7803","7875","7962","8092","8093","8315","8435","8584","8628","8682","8879","9064","9187","9206","9343","9383","9417"
Großzschocher,   Deutsche,"8557","8562","8511","8554","8605","8667","8675","8668","8769","8731","8762","8786","8823","8805","8834","8866","8878","8844","8870","8787","8775","8814"
Knautkleeberg-Knauthain,   Deutsche,"4757","4818","4884","4904","5035","5076","5115","5112","5101","5088","5107","5134","5140","5193","5290","5340","5393","5420","5525","5553","5529","5614"
Hartmannsdorf-Knautnaundorf,   Deutsche,"1181","1189","1180","1164","1176","1174","1184","1186","1197","1207","1202","1188","1234","1208","1198","1232","1233","1266","1270","1276","1260","1283"
Schönau,   Deutsche,"4872","4693","4428","4255","4389","4438","4574","4682","4662","4608","4506","4441","4111","4038","4127","4214","4257","4326","4375","4548","4788","4996"
Grünau-Ost,   Deutsche,"9067","8639","8331","7975","7926","7818","7798","7652","7449","7324","7303","7247","7166","7181","7184","7211","7245","7238","7147","7093","6956","6825"
Grünau-Mitte,   Deutsche,"14159","13149","12582","12156","11760","11631","11702","11464","11336","11195","11084","11000","11121","11025","11065","10864","10796","10817","10881","10844","10702","10513"
Grünau-Siedlung,   Deutsche,"4066","4080","4075","4074","4117","3992","3937","3868","3840","3787","3778","3816","3820","3732","3734","3756","3773","3779","3816","3774","3750","3706"
Lausen-Grünau,   Deutsche,"15914","14932","14022","13521","13009","12945","12477","11962","11666","11372","11161","11044","11190","11484","11600","11685","11825","11810","11694","11605","11636","11799"
Grünau-Nord,   Deutsche,"10395","9936","9494","9088","8860","8490","8026","7899","7808","7737","7604","7596","7722","7704","7647","7638","7513","7391","7457","7506","7585","7589"
Miltitz,   Deutsche,"2005","2001","1996","2004","2006","2035","2031","1968","1953","1932","1931","1901","1869","1863","1869","1846","1888","1900","1888","1886","1865","1826"
Lindenau,   Deutsche,"4349","4392","4489","4576","4687","4769","4754","4852","4904","5163","5481","5766","5975","6289","6569","7012","7116","7295","7295","7338","7523","7449"
Altlindenau,   Deutsche,"10342","10335","10534","10977","11204","11231","11340","11304","11318","11437","11662","12146","12703","13232","13942","14452","14806","15156","15578","15987","16225","16232"
Neulindenau,   Deutsche,"5011","5043","5021","4908","4922","4993","5024","5180","5276","5385","5401","5486","5686","5829","6088","6311","6416","6627","6605","6648","6603","6563"
Leutzsch,   Deutsche,"8135","7914","7884","7947","8022","8044","7951","8027","8178","8369","8484","8650","8967","9110","9322","9515","9640","9715","9752","9742","9700","9755"
Böhlitz-Ehrenberg,   Deutsche,"8830","9067","9097","9206","9352","9428","9547","9573","9598","9653","9632","9737","9751","9867","9897","9883","9854","9904","9815","9854","9819","9755"
Burghausen-Rückmarsdorf,   Deutsche,"4373","4482","4583","4620","4673","4645","4670","4677","4661","4656","4680","4677","4711","4744","4785","4751","4720","4708","4733","4725","4696","4671"
Möckern,   Deutsche,"11951","11950","11902","11711","11752","11610","11644","11748","11896","11839","11923","12059","12326","12590","12642","12829","12936","13167","13432","13823","14154","14230"
Wahren,   Deutsche,"5738","5679","5831","5760","5793","5675","5722","5802","5783","5842","5821","5848","6043","6360","6442","6435","6552","6563","6537","6501","6522","6453"
Lützschena-Stahmeln,   Deutsche,"3882","3945","3997","4018","4018","4063","4069","4030","4015","3984","3940","3911","3912","3887","3860","3886","3848","3942","4027","4073","4113","4100"
Lindenthal,   Deutsche,"5827","5798","5790","5682","5713","5632","5691","5728","5783","5951","6056","6102","6164","6198","6212","6258","6302","6329","6363","6377","6383","6380"
Gohlis-Süd,   Deutsche,"11167","11683","12106","12255","12631","13066","13511","13760","14187","14757","15038","15500","15709","16129","16436","16429","16609","16852","16800","16841","16789","16645"
Gohlis-Mitte,   Deutsche,"11958","12035","12204","12502","12605","12671","12916","13000","13247","13379","13698","14116","14566","14972","15133","15247","15598","16003","16175","16312","16412","16494"
Gohlis-Nord,   Deutsche,"8219","8038","8012","7991","7981","7886","7831","7716","7764","7800","7994","8038","8000","8156","8277","8384","8504","8575","8619","8725","8687","8850"
Eutritzsch,   Deutsche,"9966","9955","9762","9906","10017","9948","10122","10126","10296","10720","10864","11149","11461","11669","11951","12566","12894","13003","13039","13110","13119","13014"
Seehausen,   Deutsche,"2157","2145","2161","2140","2154","2144","2144","2153","2097","2141","2154","2170","2168","2215","2199","2237","2237","2287","2328","2376","2452","2525"
Wiederitzsch,   Deutsche,"6977","7137","7319","7479","7641","7860","7961","7948","8028","8034","8069","8119","8210","8237","8280","8292","8311","8328","8410","8449","8471","8494"
Mitte,   Deutsche,"36300","37254","37604","38694","39258","40248","41976","43074","43953","45104","46405","47769","48974","49960","51186","52018","52991","54561","55337","55703","56111","56812"
Nordost,   Deutsche,"42683","41576","41187","40828","40611","40255","40070","39942","39847","39989","40537","40926","41234","41564","41865","42437","42534","42467","42487","42305","42273","42055"
Ost,   Deutsche,"65335","64551","64272","64359","64509","64791","64884","64552","64390","64380","64492","64828","65662","66505","68054","69513","70514","71511","71994","72217","72282","72259"
Südost,   Deutsche,"45909","46132","46525","47014","47435","47732","48385","48867","49438","49515","50086","51165","52292","53027","53955","54954","55678","56892","57644","57899","58099","58057"
Süd,   Deutsche,"49667","50258","50771","51039","51539","52416","53527","54392","55602","56757","57459","58601","59284","60037","60712","61180","61686","62041","62243","62484","62502","62229"
Südwest,   Deutsche,"38424","39047","39834","40639","41613","42432","43553","44170","45226","45775","46574","47352","48083","48887","49446","50011","50618","51121","51424","51751","51900","52008"
West,   Deutsche,"60478","57430","54928","53073","52067","51349","50545","49495","48714","47955","47367","47045","46999","47027","47226","47214","47297","47261","47258","47256","47282","47254"
Alt-West,   Deutsche,"41040","41233","41608","42234","42860","43110","43286","43613","43935","44663","45340","46462","47793","49071","50603","51924","52552","53405","53778","54294","54566","54425"
Nordwest,   Deutsche,"27398","27372","27520","27171","27276","26980","27126","27308","27477","27616","27740","27920","28445","29035","29156","29408","29638","30001","30359","30774","31172","31163"
Nord,   Deutsche,"50444","50993","51564","52273","53029","53575","54485","54703","55619","56831","57817","59092","60114","61378","62276","63155","64153","65048","65371","65813","65930","66022"
Stadt Leipzig,   Deutsche,"457899","455911","455863","457396","460240","462909","467888","470141","474224","478591","483894","491166","498881","506494","514480","521817","527669","534326","537896","540498","542118","542284"
Zentrum,   Ausländer,"473","521","565","501","425","427","350","360","387","374","243","253","294","359","397","911","418","419","428","421","457","488"
Zentrum-Ost,   Ausländer,"376","392","405","388","352","378","341","341","331","327","293","303","330","393","432","450","451","473","570","693","766","870"
Zentrum-Südost,   Ausländer,"1501","1645","1850","1790","1662","1829","1999","2163","2338","2208","2151","2269","2555","2863","3144","4474","4079","4037","3732","3700","3458","3639"
Zentrum-Süd,   Ausländer,"455","485","509","549","589","665","756","801","862","830","771","821","907","952","1036","1120","1208","1252","1295","1343","1295","1376"
Zentrum-West,   Ausländer,"565","708","811","880","917","1001","1047","1116","1214","1151","954","988","1107","1157","1232","1392","1450","1501","1554","1529","1521","1627"
Zentrum-Nordwest,   Ausländer,"476","501","554","566","564","638","658","726","754","755","652","707","699","683","705","723","715","810","776","844","855","912"
Zentrum-Nord,   Ausländer,"840","938","1007","985","848","885","970","981","972","965","828","924","999","1016","1018","1094","1336","1476","1448","1450","1449","1615"
Schönefeld-Abtnaundorf,   Ausländer,"347","374","361","416","413","430","460","474","455","439","455","535","634","714","865","1189","1495","1787","1990","2162","2381","2491"
Schönefeld-Ost,   Ausländer,"383","383","357","346","285","302","297","297","222","213","217","258","299","453","459","630","929","1056","1067","1121","1253","1441"
Mockau-Süd,   Ausländer,"154","163","177","201","201","207","199","206","203","210","190","202","228","198","254","308","443","475","530","572","683","712"
Mockau-Nord,   Ausländer,"157","157","170","174","205","182","202","191","190","200","210","213","252","261","336","546","704","799","852","962","1122","1421"
Thekla,   Ausländer,"325","354","351","290","249","281","60","56","52","48","50","57","66","82","109","175","300","364","362","413","467","474"
Plaußig-Portitz,   Ausländer,"24","17","16","17","18","22","21","20","20","23","17","26","27","44","50","47","47","34","37","45","48","69"
Neustadt-Neuschönefeld,   Ausländer,"796","981","1240","1409","1514","1602","1695","1739","1849","1840","1815","1918","2003","2289","2521","2792","3133","3265","3348","3454","3459","3439"
Volkmarsdorf,   Ausländer,"712","794","906","1092","1155","1210","1318","1379","1396","1409","1378","1508","1828","2041","2530","3201","3850","4139","4184","4257","4261","4360"
Anger-Crottendorf,   Ausländer,"359","424","508","589","669","677","683","677","644","625","560","606","694","747","879","1059","1114","1265","1328","1470","1597","1604"
Sellerhausen-Stünz,   Ausländer,"217","210","217","241","261","275","294","298","304","302","264","282","333","416","488","758","910","992","1095","1145","1157","1190"
Paunsdorf,   Ausländer,"556","553","605","930","742","762","769","743","741","752","663","687","790","856","1023","1400","1847","1844","1941","1935","2171","2495"
Heiterblick,   Ausländer,"405","420","440","61","69","67","54","59","59","48","42","37","36","35","40","46","62","80","99","112","99","121"
Mölkau,   Ausländer,"249","190","148","55","64","71","79","79","85","84","77","70","77","86","82","116","105","104","162","212","198","190"
Engelsdorf,   Ausländer,"121","109","123","125","83","98","107","126","125","116","121","164","166","168","236","422","433","398","245","235","246","282"
Baalsdorf,   Ausländer,"10","10","12","9","11","7","8","6","6","7","7","9","11","10","9","9","10","12","20","20","22","21"
Althen-Kleinpösna,   Ausländer,"24","24","24","21","7","7","8","8","8","11","11","11","12","19","25","22","20","22","23","29","27","28"
Reudnitz-Thonberg,   Ausländer,"938","1089","1200","1292","1295","1350","1360","1351","1394","1290","1126","1219","1374","1589","1737","1958","2131","2172","2303","2519","2558","2739"
Stötteritz,   Ausländer,"595","621","700","715","708","723","652","651","630","548","470","496","513","537","612","720","789","874","937","1010","1040","1115"
Probstheida,   Ausländer,"142","171","168","178","147","149","110","126","137","140","150","169","192","182","187","255","261","269","253","293","312","358"
Meusdorf,   Ausländer,"96","92","83","82","45","44","46","50","41","34","32","31","36","38","61","91","119","143","166","179","170","176"
Liebertwolkwitz,   Ausländer,"25","29","22","36","31","41","43","40","36","31","19","17","18","29","57","67","60","100","106","122","126","155"
Holzhausen,   Ausländer,"63","54","56","53","51","51","45","54","58","54","53","63","63","68","66","83","109","116","193","168","201","213"
Südvorstadt,   Ausländer,"661","716","831","943","946","987","1034","1105","1106","985","919","986","1048","1148","1254","1568","1464","1581","1695","1740","1850","1862"
Connewitz,   Ausländer,"513","535","590","644","651","656","665","683","674","621","505","532","560","582","644","780","855","881","1116","1182","1195","1252"
Marienbrunn,   Ausländer,"284","280","285","305","239","227","239","252","276","215","140","171","178","207","250","272","279","326","371","345","366","403"
Lößnig,   Ausländer,"562","643","744","858","698","769","850","850","869","801","796","867","913","941","1032","1042","1018","1073","1081","1069","1012","1088"
Dölitz-Dösen,   Ausländer,"391","401","457","452","320","132","114","152","109","106","85","149","292","354","237","358","205","212","199","142","154","162"
Schleußig,   Ausländer,"317","344","396","449","441","481","516","526","550","488","476","467","595","680","713","698","732","805","807","827","853","850"
Plagwitz,   Ausländer,"562","611","643","681","632","649","645","699","694","674","617","738","802","908","1078","1252","1314","1419","1493","1536","1571","1613"
Kleinzschocher,   Ausländer,"245","230","244","240","257","251","284","278","285","243","257","260","303","413","486","567","725","867","896","954","898","965"
Großzschocher,   Ausländer,"272","254","217","224","125","129","134","133","127","85","91","144","118","149","153","193","241","296","360","412","407","446"
Knautkleeberg-Knauthain,   Ausländer,"43","50","44","50","38","32","28","43","42","36","29","37","45","49","65","102","116","129","116","106","82","83"
Hartmannsdorf-Knautnaundorf,   Ausländer,"12","13","12","10","7","6","19","37","42","21","42","64","74","127","135","148","84","90","56","72","31","45"
Schönau,   Ausländer,"305","95","103","83","83","113","87","95","90","90","80","83","69","70","153","219","283","312","356","352","390","478"
Grünau-Ost,   Ausländer,"290","258","252","251","231","217","236","269","237","236","137","151","173","216","288","422","413","577","623","646","648","813"
Grünau-Mitte,   Ausländer,"568","620","725","698","643","666","725","719","718","693","652","682","705","776","1027","1442","2282","2488","2589","2646","2757","2947"
Grünau-Siedlung,   Ausländer,"49","44","48","58","47","47","50","58","62","76","73","70","68","68","78","87","75","76","81","77","82","92"
Lausen-Grünau,   Ausländer,"458","487","442","365","291","321","360","347","284","292","351","403","512","511","556","624","959","1111","1263","1480","1660","1814"
Grünau-Nord,   Ausländer,"459","482","460","397","297","267","270","271","292","224","197","206","214","253","323","453","1106","1200","1220","1353","1314","1423"
Miltitz,   Ausländer,"10","10","12","18","12","15","18","22","18","13","8","15","13","19","32","32","45","45","50","52","57","56"
Lindenau,   Ausländer,"399","430","471","555","523","566","579","618","640","565","509","545","606","691","705","774","987","953","1000","1021","1041","1065"
Altlindenau,   Ausländer,"739","752","816","944","950","968","1038","1028","1053","939","970","1005","1157","1326","1614","1764","2030","2116","2151","2276","2374","2321"
Neulindenau,   Ausländer,"190","193","202","218","171","185","193","166","180","176","164","195","210","291","350","379","368","411","427","461","469","488"
Leutzsch,   Ausländer,"248","252","290","345","360","395","386","361","341","309","268","253","307","346","420","513","558","645","675","710","750","779"
Böhlitz-Ehrenberg,   Ausländer,"249","216","221","221","181","164","186","173","236","217","215","196","234","222","232","293","324","344","355","358","372","400"
Burghausen-Rückmarsdorf,   Ausländer,"38","36","52","54","52","62","64","50","39","39","36","36","47","46","43","51","58","53","58","63","71","75"
Möckern,   Ausländer,"317","347","361","413","411","457","477","494","497","515","434","425","489","582","793","1048","1466","1805","2103","2291","2437","2657"
Wahren,   Ausländer,"146","143","118","112","102","117","136","134","123","134","119","133","169","176","249","310","429","507","595","621","725","822"
Lützschena-Stahmeln,   Ausländer,"37","45","43","33","34","32","33","37","36","33","42","36","40","58","54","58","67","84","88","95","99","109"
Lindenthal,   Ausländer,"47","60","61","61","57","60","62","63","57","57","57","65","80","95","122","172","212","249","250","258","277","294"
Gohlis-Süd,   Ausländer,"723","919","1060","1165","1142","1174","1142","1168","1221","1231","1147","1183","1229","1265","1402","1534","1659","1751","1847","1920","1981","2105"
Gohlis-Mitte,   Ausländer,"318","403","471","518","559","551","547","543","551","578","542","573","632","666","686","690","792","932","940","963","981","1049"
Gohlis-Nord,   Ausländer,"195","207","173","191","183","185","205","220","223","213","173","198","213","223","279","319","407","540","711","882","1074","1278"
Eutritzsch,   Ausländer,"592","583","640","764","754","763","754","765","803","858","773","808","835","903","1128","1330","1489","1547","1684","1531","1582","1747"
Seehausen,   Ausländer,"32","30","28","32","28","28","29","24","29","27","17","17","21","23","33","279","51","58","61","71","77","97"
Wiederitzsch,   Ausländer,"84","83","115","133","124","139","136","136","153","140","138","135","165","185","187","198","240","250","260","240","253","286"
Mitte,   Ausländer,"4686","5190","5701","5659","5357","5823","6121","6488","6858","6610","5892","6265","6891","7423","7964","10164","9657","9968","9803","9980","9801","10527"
Nordost,   Ausländer,"1390","1448","1432","1444","1371","1424","1239","1244","1142","1133","1139","1291","1506","1752","2073","2895","3918","4515","4838","5275","5954","6608"
Ost,   Ausländer,"3449","3715","4223","4532","4575","4776","5015","5114","5217","5194","4938","5292","5950","6667","7833","9825","11484","12121","12445","12869","13237","13730"
Südost,   Ausländer,"1859","2056","2229","2356","2277","2358","2256","2272","2296","2097","1850","1995","2196","2443","2720","3174","3469","3674","3958","4291","4407","4756"
Süd,   Ausländer,"2411","2575","2907","3202","2854","2771","2902","3042","3034","2728","2445","2705","2991","3232","3417","4020","3821","4073","4462","4478","4577","4767"
Südwest,   Ausländer,"1451","1502","1556","1654","1500","1548","1626","1716","1740","1547","1512","1710","1937","2326","2630","2960","3212","3606","3728","3907","3842","4002"
West,   Ausländer,"2139","1996","2042","1870","1604","1646","1746","1781","1701","1624","1498","1610","1754","1913","2457","3279","5163","5809","6182","6606","6908","7623"
Alt-West,   Ausländer,"1863","1879","2052","2337","2237","2340","2446","2396","2489","2245","2162","2230","2561","2922","3364","3774","4325","4522","4666","4889","5077","5128"
Nordwest,   Ausländer,"547","595","583","619","604","666","708","728","713","739","652","659","778","911","1218","1588","2174","2645","3036","3265","3538","3882"
Nord,   Ausländer,"1944","2225","2487","2803","2790","2840","2813","2856","2980","3047","2790","2914","3095","3265","3715","4350","4638","5078","5503","5607","5948","6562"
Stadt Leipzig,   Ausländer,"22097","23546","25527","26725","25403","26426","26883","27650","28177","26968","24881","26672","29659","32854","37391","46029","51861","56011","58621","61170","63289","67585"
